USE HotelSoftwareGuild; 

INSERT INTO Amenity (AmenityId , AmenityType) VALUES 
	(1,'Microwave'),
    (2, 'Refrigrator'),
    (3, 'OVEN'),
    (4, 'Jaccuzi');
    
INSERT INTO RoomType (RoomTypeId, RoomType ) VALUES
	(1,'Double'),
    (2, 'Single'),
    (3, 'Suite');
    
    
INSERT INTO Room ( RoomId, RoomTypeId, ADA_Accessible,StandardOccupancy, MaximumOccupancy, BasePrice, ExtraPerson) VALUES
(201,1, 0,2,4,199.99,10.00),
(202,1,1,2,4,174.99,10.00),
(203,1,0,2,4,199.99,10.00),
(204,1,1,2,4,174.99,10.00),
(205,2,0,2,2,174.99,00.00),
(206,2,1,2,2,149.99,00.00),
(207,2,0,2,2,174.99,00.00),
(208,2,1,2,2,149.99,00.00),  
(301,1,0,2,4,199.99,10.00),
(302,1,1,2,4,174.99,10.00),
(303,1,0,2,4,199.99,10.00),
(304,1,1,2,4,174.99,10.00),
(305,2,0,2,2,174.99,00.00),  
(306,2,1,2,2,149.99,00.00),
(307,2,0,2,2,174.99,00.00),
(308,2,1,2,2,149.99,00.00),
(401,3,1,3,8,399.99,20.00),
(402,3,1,3,8,399.99,20.00);

INSERT INTO RoomAmenity (RoomId, AmenityId ) VALUES 
(201,1),
(201,4),
(202,2),
(203,1),
(203,4),
(204,2),
(205,1),
(205,2),
(205,4),
(206,1),
(206,2),
(207,1),
(207,2),
(207,4),
(208,1),
(208,2),
(301,1),
(301,4),
(302,2),
(303,1),
(303,4),
(304,2),
(305,1),
(305,2),
(305,4),
(306,1),
(306,2),
(307,1),
(307,2),
(307,3),
(308,1),
(308,2),
(401,1),
(401,2),
(401,3),
(402,1),
(402,2),
(402,3);

INSERT INTO Guest (GuestId, FirstName, LastName , Address, City, State, ZipCode, Phone) VALUES
	(1,'Naeim', 'Forooghi', '5225 Navan','Ottawa','ON','11111','(647)-111-1111'),
    (2,'Mack', 'Simmer','379 Old Shore Street', 'Council Bluffs', 'IA','51501','(291) 533-0508'),
    (3,'Bettyann', 'Seery', '750 Wingtergreen Dr','Wasilla', 'AK', '99654', '(478) 227-9632'),
    (4,'Duane', 'Cullison', '9662 Foxrun Lane', 'Harlingen', 'TX', '78552', '(308) 494-0198'),
    (5,'Karie', 'Yang', '9378 W. Augusta Ave.', 'West Deptford', 'NJ', '08096','(214) 730-0298'),
    (6,'Aurore', 'Lipton', '762 Wild Rose Street','Saginaw','MI','48601','(377) 507-0947'),
    (7,'Zachery', 'Luechtefeld','7 Poplar Dr.	','Arvada','CO','80003','(814) 485-2615'),
    (8,'Jeremiah','Pendergrass','70 Oakwood St.','Zion','IL','60099','(279) 491-0960'),
    (9,'Walter','Holaway','7556 Arrowhead St.','Cumberland','RI','02864','(446) 396-6785'),
    (10,'Wilfred ','Vise','77 West Surrey Street','Oswego','NY','13126','(834) 727-1001'),
    (11,'Maritza ','Tilton','939 Linda Rd.','Burke','VA','22015','(446) 351-6860'),
    (12,'Joleen ','Tison','87 Queen St.','Drexel Hill','PA','19026','(231) 893-2755');

INSERT INTO Reservation (ReservationId, StartDate, EndDate, GuestId) VALUES
	(1, '2023-02-02 00:00:00', '2023-02-04 00:00:00',2), 
    (2,'2023-02-05 00:00:00', '2023-02-10 00:00:00',3),  
    (3,'2023-02-23 00:00:00', '2023-02-24 00:00:00',4),	 
    (4,'2023-03-06 00:00:00', '2023-03-07 00:00:00',5),	  
    (5,'2023-03-17 00:00:00', '2023-03-20 00:00:00',1),	  
    (6,'2023-03-18 00:00:00', '2023-03-23 00:00:00',6),   
    (7,'2023-03-29 00:00:00', '2023-03-31 00:00:00',7),   
    (8,'2023-03-31 00:00:00', '2023-04-05 00:00:00',8),    
    (9,'2023-04-09 00:00:00', '2023-04-13 00:00:00',9),    
    (10, '2023-04-23 00:00:00' , '2023-04-24 00:00:00' ,10), 
    (11, '2023-05-30 00:00:00' , '2023-06-02 00:00:00' , 11), 
    (12, '2023-06-10 00:00:00' , '2023-06-14 00:00:00',12),    
    (13,'2023-06-10 00:00:00' , '2023-06-14 00:00:00',12),   
    (14,'2023-06-17 00:00:00' , '2023-06-18 00:00:00',6),    
    (15,'2023-06-28 00:00:00' , '2023-07-02 00:00:00', 1), 
    (16,'2023-07-13 00:00:00' , '2023-07-14 00:00:00', 9),    
    (17, '2023-07-18 00:00:00' , '2023-07-21 00:00:00',10),  
    (18, '2023-07-28 00:00:00' , '2023-07-29 00:00:00', 3), 
    (19, '2023-08-30 00:00:00' , '2023-09-01 00:00:00', 3), 
    (20, '2023-09-16 00:00:00', '2023-09-17 00:00:00', 2),   
    (21, '2023-09-13 00:00:00' , '2023-09-15 00:00:00',5),   
    (22,'2023-11-22 00:00:00' , '2023-11-25 00:00:00' , 4),    
    (23,'2023-11-22 00:00:00' , '2023-11-25 00:00:00', 2),   
    (24,'2023-11-22 00:00:00' , '2023-11-25 00:00:00',2),      
    (25,'2023-12-24 00:00:00' , '2023-12-28 00:00:00', 11);     
    
    
    INSERT INTO ReservationRoom ( ReservationId, RoomId, Adult, Childern, TotalRoomCost ) VALUES 
		(1,308,1,0,299.98),
		(2,203,2,1,999.95),
		(3,305,2,0,349.98),
		(4,201,2,2,199.99),
		(5,307,1,1,524.97),
		(6,302,3,0,924.95),
		(7,202,2,2,349.98),
		(8,304,2,0,874.95),
		(9,301, 1,0,799.96),
		(10,207,1,1,174.99),
		(11,401,2,4,1199.97),
		(12,206,2,0,599.96),
		(13,208,1,0,599.96),
		(14,304,3,0,184.99),
		(15,205,2,0,699.96),
		(16,204,3,1,184.99),
		(17,401,4,2,1259.97),
		(18,303,2,1,199.99),
		(19,305,1,0,349.98),
		(20,208,2,0,149.99), 
		(21,203,2,2,399.98),
		(22,401,2,2,1199.97),
		(23,206,2,0,449.97),
		(24,301,2,2,599.97),
		(25,302,2,0,699.96);
    
		


-- DELETE Jeremiah Pendergrass and his reservation  from database 
SELECT * 
FROM Reservation 
WHERE GuestId = 8;

SELECT * 
FROM ReservationRoom 
WHERE ReservationId = 8; 

SELECT * 
FROM Guest 
WHERE GuestId = 8;

DELETE FROM ReservationRoom 
WHERE ReservationId = 8; 

DELETE FROM Reservation 
WHERE GuestId = 8; 

DELETE FROM GUEST 
WHERE GuestId = 8; 

SELECT *
FROM Guest; 

